buildingIDX,Name,elevDiff,slope,dist,elevation,height,floors,year,X,Y,nearest
11,The Ardea,80.8199997,10569.91901493216,10567.098187756084,38.1800003,325,30,2008,7645654.232,674380.6719,4
9,John Ross Tower,81.52000050000001,10868.071696010828,10865.343983485987,37.4799995,325,32,2007,7645734.118,674702.7362,4
15,"The Meriwether, West Building",83.7200012,11011.825210217978,11009.641717263941,35.2799988,303,24,2006,7645938.652,674889.7428,4
24,"The Meriwether, East Building",104.6700001,11060.642850580023,11059.480754502856,14.3299999,265,21,2006,7646140.465,674975.5075,4
